name,url,images
Adicolor Classics SST Track Jacket,https://www.adidas.com/us/adicolor-classics-sst-track-jacket/IM4545.html,"https://assets.adidas.com/images/w_383,h_383,f_auto,q_auto,fl_lossy,c_fill,g_auto/8c997fa1a77a4dacbec2afc3009878da_9366/adicolor-classics-sst-track-jacket.jpg"
Own the Run Astro Knit Pants,https://www.adidas.com/us/own-the-run-astro-knit-pants/HN0806.html,"https://assets.adidas.com/images/w_383,h_383,f_auto,q_auto,fl_lossy,c_fill,g_auto/2cf30d899b0b4d5ab94f9616b3776661_9366/own-the-run-astro-knit-pants.jpg"
Essentials Fleece 3-Stripes Tapered Cuff Pants,https://www.adidas.com/us/essentials-fleece-3-stripes-tapered-cuff-pants/IJ8885.html,"https://assets.adidas.com/images/w_383,h_383,f_auto,q_auto,fl_lossy,c_fill,g_auto/3071eb1142ac4c06962dc13777be7278_9366/essentials-fleece-3-stripes-tapered-cuff-pants.jpg"
Primeblue Designed 2 Move Sport 3-Stripes Shorts,https://www.adidas.com/us/primeblue-designed-2-move-sport-3-stripes-shorts/GM2127.html,"https://assets.adidas.com/images/w_383,h_383,f_auto,q_auto,fl_lossy,c_fill,g_auto/99461a67f09d482ebdb5ac8300bc3dc6_9366/primeblue-designed-2-move-sport-3-stripes-shorts.jpg"
Tiro 23 Competition Anthem Pants,https://www.adidas.com/us/tiro-23-competition-anthem-pants/IA0630.html,"https://assets.adidas.com/images/w_383,h_383,f_auto,q_auto,fl_lossy,c_fill,g_auto/ec60d4a08f6247828b1ae0d5bd973972_9366/tiro-23-competition-anthem-pants.jpg"
Essentials Fleece Tapered Cuff Big Logo Pants,https://www.adidas.com/us/essentials-fleece-tapered-cuff-big-logo-pants/IB4025.html,"https://assets.adidas.com/images/w_383,h_383,f_auto,q_auto,fl_lossy,c_fill,g_auto/3fc42e6506a5466aa38dafc40076ec44_9366/essentials-fleece-tapered-cuff-big-logo-pants.jpg"
Adicolor Outline Trefoil Pants,https://www.adidas.com/us/adicolor-outline-trefoil-pants/IR7984.html,"https://assets.adidas.com/images/w_383,h_383,f_auto,q_auto,fl_lossy,c_fill,g_auto/fe52dc05dd91461480890b68778ff8ee_9366/adicolor-outline-trefoil-pants.jpg"
Tiro 23 League Pants,https://www.adidas.com/us/tiro-23-league-pants/HS7232.html,"https://assets.adidas.com/images/w_383,h_383,f_auto,q_auto,fl_lossy,c_fill,g_auto/bf9cb1cf4d5541e984e9aefa00b6e59d_9366/tiro-23-league-pants.jpg"
Adicolor Contempo Crew Sweatshirt,https://www.adidas.com/us/adicolor-contempo-crew-sweatshirt/IM2113.html,"https://assets.adidas.com/images/w_383,h_383,f_auto,q_auto,fl_lossy,c_fill,g_auto/2a90def39f254ff5b8f27d0fccb73cd2_9366/adicolor-contempo-crew-sweatshirt.jpg"
Adicolor Contempo Hoodie,https://www.adidas.com/us/adicolor-contempo-hoodie/IM2116.html,"https://assets.adidas.com/images/w_383,h_383,f_auto,q_auto,fl_lossy,c_fill,g_auto/403805f44c084fe78d272cec1913dde6_9366/adicolor-contempo-hoodie.jpg"
Designed 4 Training CORDURA Workout Shorts,https://www.adidas.com/us/designed-4-training-cordura-workout-shorts/IL1382.html,"https://assets.adidas.com/images/w_383,h_383,f_auto,q_auto,fl_lossy,c_fill,g_auto/76229f09af8b46fa952cafd300dca1e1_9366/designed-4-training-cordura-workout-shorts.jpg"
Adicolor Classics 3-Stripes Tee,https://www.adidas.com/us/adicolor-classics-3-stripes-tee/IM0410.html,"https://assets.adidas.com/images/w_383,h_383,f_auto,q_auto,fl_lossy,c_fill,g_auto/7a362224a00d4613b5d4afcd01443407_9366/adicolor-classics-3-stripes-tee.jpg"
Adicolor Contempo Tee,https://www.adidas.com/us/adicolor-contempo-tee/IM4392.html,"https://assets.adidas.com/images/w_383,h_383,f_auto,q_auto,fl_lossy,c_fill,g_auto/ce3c7e48e666471884ccb3fe1c579888_9366/adicolor-contempo-tee.jpg"
Adicolor Down Regen Hooded Puffer Jacket,https://www.adidas.com/us/adicolor-down-regen-hooded-puffer-jacket/IL2566.html,"https://assets.adidas.com/images/w_383,h_383,f_auto,q_auto,fl_lossy,c_fill,g_auto/b098f86ab549431180e7d41fc034ece5_9366/adicolor-down-regen-hooded-puffer-jacket.jpg"
Essentials Fleece 3-Stripes Full-Zip Hoodie,https://www.adidas.com/us/essentials-fleece-3-stripes-full-zip-hoodie/IJ6492.html,"https://assets.adidas.com/images/w_383,h_383,f_auto,q_auto,fl_lossy,c_fill,g_auto/515b7b47f7e24d89badcd4b328b31248_9366/essentials-fleece-3-stripes-full-zip-hoodie.jpg"
adidas Basketball Velour 1/2-Zip Sweatshirt,https://www.adidas.com/us/adidas-basketball-velour-1-2-zip-sweatshirt/IA1989.html,"https://assets.adidas.com/images/w_383,h_383,f_auto,q_auto,fl_lossy,c_fill,g_auto/50e5437d0708485885f7afa30009784d_faec/adidas-basketball-velour-1-2-zip-sweatshirt.jpg"
Ultimate365 Golf Pants,https://www.adidas.com/us/ultimate365-golf-pants/IU2835.html,"https://assets.adidas.com/images/w_383,h_383,f_auto,q_auto,fl_lossy,c_fill,g_auto/b1932f82e5cc4b9b97395e3e59f6ea44_9366/ultimate365-golf-pants.jpg"
Terrex XPLORIC High-Pile-Fleece Pullover,https://www.adidas.com/us/terrex-xploric-high-pile-fleece-pullover/IN3107.html,"https://assets.adidas.com/images/w_383,h_383,f_auto,q_auto,fl_lossy,c_fill,g_auto/15a76789d98a4a549b381adc032b71fa_9366/terrex-xploric-high-pile-fleece-pullover.jpg"
Ultimate365 10-Inch Golf Shorts,https://www.adidas.com/us/ultimate365-10-inch-golf-shorts/HR7951.html,"https://assets.adidas.com/images/w_383,h_383,f_auto,q_auto,fl_lossy,c_fill,g_auto/ab0c25b9542c4aa8999daf2b0006d02b_9366/ultimate365-10-inch-golf-shorts.jpg"
Graphics Animal Adibreak Pants,https://www.adidas.com/us/graphics-animal-adibreak-pants/IL5192.html,"https://assets.adidas.com/images/w_383,h_383,f_auto,q_auto,fl_lossy,c_fill,g_auto/d08c9f61083542d78631eafb27e0583e_9366/graphics-animal-adibreak-pants.jpg"
Train Essentials Seasonal Camo Tee,https://www.adidas.com/us/train-essentials-seasonal-camo-tee/IM7447.html,"https://assets.adidas.com/images/w_383,h_383,f_auto,q_auto,fl_lossy,c_fill,g_auto/3d6a1947f1654fe4aeaea4ca529753eb_9366/train-essentials-seasonal-camo-tee.jpg"
Designed for Training Tee,https://www.adidas.com/us/designed-for-training-tee/IL1444.html,"https://assets.adidas.com/images/w_383,h_383,f_auto,q_auto,fl_lossy,c_fill,g_auto/bd70446e6e8b4b75b725f9ba52f3719c_9366/designed-for-training-tee.jpg"
Basketball Select Jacket,https://www.adidas.com/us/basketball-select-jacket/IL2190.html,"https://assets.adidas.com/images/w_383,h_383,f_auto,q_auto,fl_lossy,c_fill,g_auto/65a2bbd2f58b4a5cb226afa6001926eb_9366/basketball-select-jacket.jpg"
City Break Shorts,https://www.adidas.com/us/city-break-shorts/IR9094.html,"https://assets.adidas.com/images/w_383,h_383,f_auto,q_auto,fl_lossy,c_fill,g_auto/b685fde08c544f35b205a99ba87f4c89_9366/city-break-shorts.jpg"
Trefoil Essentials Hoodie,https://www.adidas.com/us/trefoil-essentials-hoodie/IM4524.html,"https://assets.adidas.com/images/w_383,h_383,f_auto,q_auto,fl_lossy,c_fill,g_auto/c0edde46c92d4b3181e01a7abed7143c_9366/trefoil-essentials-hoodie.jpg"
Lightweight COLD.RDY Quarter-Zip Sweatshirt,https://www.adidas.com/us/lightweight-cold.rdy-quarter-zip-sweatshirt/HZ3199.html,"https://assets.adidas.com/images/w_383,h_383,f_auto,q_auto,fl_lossy,c_fill,g_auto/7a6bd4f153334610b00eafcf0120d1a1_9366/lightweight-cold.rdy-quarter-zip-sweatshirt.jpg"
Trefoil Essentials Crewneck,https://www.adidas.com/us/trefoil-essentials-crewneck/IR7781.html,"https://assets.adidas.com/images/w_383,h_383,f_auto,q_auto,fl_lossy,c_fill,g_auto/1deefd28d28e4d9fb475012b16ff493b_9366/trefoil-essentials-crewneck.jpg"
Adicolor Classics 3-Stripes Crew,https://www.adidas.com/us/adicolor-classics-3-stripes-crew/IM4515.html,"https://assets.adidas.com/images/w_383,h_383,f_auto,q_auto,fl_lossy,c_fill,g_auto/eec573f82cb143f39c6dafd000e9ad75_9366/adicolor-classics-3-stripes-crew.jpg"
Adicolor Outline Trefoil Pants,https://www.adidas.com/us/adicolor-outline-trefoil-pants/IR7985.html,"https://assets.adidas.com/images/w_383,h_383,f_auto,q_auto,fl_lossy,c_fill,g_auto/d2e0442f341449ea97798e6740afbc6f_9366/adicolor-outline-trefoil-pants.jpg"
Go-To 5-Pocket Golf Pants,https://www.adidas.com/us/go-to-5-pocket-golf-pants/HR7923.html,"https://assets.adidas.com/images/w_383,h_383,f_auto,q_auto,fl_lossy,c_fill,g_auto/a948e77f677941868b58af1d00107884_9366/go-to-5-pocket-golf-pants.jpg"
Trefoil Essentials Hoodie,https://www.adidas.com/us/trefoil-essentials-hoodie/IR7787.html,"https://assets.adidas.com/images/w_383,h_383,f_auto,q_auto,fl_lossy,c_fill,g_auto/9234f2606885411b846b3775b90363e6_9366/trefoil-essentials-hoodie.jpg"
Adicolor Classics Trefoil Crewneck Sweatshirt,https://www.adidas.com/us/adicolor-classics-trefoil-crewneck-sweatshirt/IM4502.html,"https://assets.adidas.com/images/w_383,h_383,f_auto,q_auto,fl_lossy,c_fill,g_auto/35659d4566ee4d3fbda0afd000e5905b_9366/adicolor-classics-trefoil-crewneck-sweatshirt.jpg"
Adicolor Classics Beckenbauer Track Pants,https://www.adidas.com/us/adicolor-classics-beckenbauer-track-pants/IM4547.html,"https://assets.adidas.com/images/w_383,h_383,f_auto,q_auto,fl_lossy,c_fill,g_auto/0b44e7e4db2440e0967dafd000eb7de5_9366/adicolor-classics-beckenbauer-track-pants.jpg"
Adicolor Classics Trefoil Hoodie,https://www.adidas.com/us/adicolor-classics-trefoil-hoodie/IM4497.html,"https://assets.adidas.com/images/w_383,h_383,f_auto,q_auto,fl_lossy,c_fill,g_auto/bb07ea62b4054df1ac07afd000e419fd_9366/adicolor-classics-trefoil-hoodie.jpg"
Arsenal 23/24 Home Authentic Jersey,https://www.adidas.com/us/arsenal-23-24-home-authentic-jersey/HR6931.html,"https://assets.adidas.com/images/w_383,h_383,f_auto,q_auto,fl_lossy,c_fill,g_auto/1ba97a608a474d27ab4e4744d0d99516_9366/arsenal-23-24-home-authentic-jersey.jpg"
Entrada 22 Shorts,https://www.adidas.com/us/entrada-22-shorts/H61735.html,"https://assets.adidas.com/images/w_383,h_383,f_auto,q_auto,fl_lossy,c_fill,g_auto/520d9c0847e941afae7cadd6011d6418_9366/entrada-22-shorts.jpg"
Z.N.E. Premium Pants,https://www.adidas.com/us/z.n.e.-premium-pants/IN5101.html,"https://assets.adidas.com/images/w_383,h_383,f_auto,q_auto,fl_lossy,c_fill,g_auto/340ef2693e2f4915832287c3758b5df5_9366/z.n.e.-premium-pants.jpg"
Arsenal 23/24 Home Jersey,https://www.adidas.com/us/arsenal-23-24-home-jersey/HR6929.html,"https://assets.adidas.com/images/w_383,h_383,f_auto,q_auto,fl_lossy,c_fill,g_auto/734eda9220a044e5a2e445efbe43b08d_9366/arsenal-23-24-home-jersey.jpg"
Adicolor Classics Beckenbauer Track Jacket,https://www.adidas.com/us/adicolor-classics-beckenbauer-track-jacket/IM4511.html,"https://assets.adidas.com/images/w_383,h_383,f_auto,q_auto,fl_lossy,c_fill,g_auto/624d2f9700444640a0e7f5da0b8f3b49_9366/adicolor-classics-beckenbauer-track-jacket.jpg"
Adicolor Classics 3-Stripes Tee,https://www.adidas.com/us/adicolor-classics-3-stripes-tee/IA4852.html,"https://assets.adidas.com/images/w_383,h_383,f_auto,q_auto,fl_lossy,c_fill,g_auto/c73bc5e721f94e1c87adaefb00f8e7ec_9366/adicolor-classics-3-stripes-tee.jpg"
Essentials 3-Stripes Open Hem Fleece Pants,https://www.adidas.com/us/essentials-3-stripes-open-hem-fleece-pants/IJ8888.html,"https://assets.adidas.com/images/w_383,h_383,f_auto,q_auto,fl_lossy,c_fill,g_auto/1c88afe9c3bf4b4297b3ec3cd8c6a98a_9366/essentials-3-stripes-open-hem-fleece-pants.jpg"
Essentials Fleece 3-Stripes Full-Zip Hoodie,https://www.adidas.com/us/essentials-fleece-3-stripes-full-zip-hoodie/IJ6479.html,"https://assets.adidas.com/images/w_383,h_383,f_auto,q_auto,fl_lossy,c_fill,g_auto/718d805bdc4d47d487dbafc50116d80b_9366/essentials-fleece-3-stripes-full-zip-hoodie.jpg"
Tiro 23 League Pants,https://www.adidas.com/us/tiro-23-league-pants/IB8478.html,"https://assets.adidas.com/images/w_383,h_383,f_auto,q_auto,fl_lossy,c_fill,g_auto/af1f383aa1564629a610aef500bd4dfb_9366/tiro-23-league-pants.jpg"
ALL SZN Fleece Tapered Leg Zip Pants,https://www.adidas.com/us/all-szn-fleece-tapered-leg-zip-pants/IX3970.html,"https://assets.adidas.com/images/w_383,h_383,f_auto,q_auto,fl_lossy,c_fill,g_auto/8912041c528445858db7beb62a6d99c2_9366/all-szn-fleece-tapered-leg-zip-pants.jpg"
Trefoil Essentials Hoodie,https://www.adidas.com/us/trefoil-essentials-hoodie/IM4525.html,"https://assets.adidas.com/images/w_383,h_383,f_auto,q_auto,fl_lossy,c_fill,g_auto/b9b200441a9b42b48e7100b7f64ef1ba_9366/trefoil-essentials-hoodie.jpg"
Tiro 23 League Training Jacket,https://www.adidas.com/us/tiro-23-league-training-jacket/HS3504.html,"https://assets.adidas.com/images/w_383,h_383,f_auto,q_auto,fl_lossy,c_fill,g_auto/2f2af0fd1e0142c191f8aef400aa7de4_9366/tiro-23-league-training-jacket.jpg"
ALL SZN Fleece Hoodie,https://www.adidas.com/us/all-szn-fleece-hoodie/IX3959.html,"https://assets.adidas.com/images/w_383,h_383,f_auto,q_auto,fl_lossy,c_fill,g_auto/0cf808cf008743b3bc6a69916cc9eeb2_9366/all-szn-fleece-hoodie.jpg"
Essentials Fleece 3-Stripes Full-Zip Hoodie,https://www.adidas.com/us/essentials-fleece-3-stripes-full-zip-hoodie/IJ6480.html,"https://assets.adidas.com/images/w_383,h_383,f_auto,q_auto,fl_lossy,c_fill,g_auto/4fb8ccea250e46e8bd2aafc90093bca7_9366/essentials-fleece-3-stripes-full-zip-hoodie.jpg"
Real Madrid 23/24 Home Jersey,https://www.adidas.comhttps://www.adidas.com/us/real-madrid-23-24-home-jersey/HR3796.html,"https://assets.adidas.com/images/w_383,h_383,f_auto,q_auto,fl_lossy,c_fill,g_auto/2697244087014671a47ae11279959ffa_9366/real-madrid-23-24-home-jersey.jpg"
Zerodye Short,https://www.adidas.comhttps://www.adidas.com/us/zerodye-short/HS3174.html,"https://assets.adidas.com/images/w_383,h_383,f_auto,q_auto,fl_lossy,c_fill,g_auto/cee161f084974f699a8fae240146106a_9366/zerodye-short.jpg"
Flag Jersey,https://www.adidas.comhttps://www.adidas.com/us/flag-jersey/EA1294.html,"https://assets.adidas.com/images/w_383,h_383,f_auto,q_auto,fl_lossy,c_fill,g_auto/5cb87addb7414b3eb383aa57011994f2_9366/flag-jersey.jpg"
Zerodye Short,https://www.adidas.com/us/zerodye-short/HS3174.html,"https://assets.adidas.com/images/w_383,h_383,f_auto,q_auto,fl_lossy,c_fill,g_auto/cee161f084974f699a8fae240146106a_9366/zerodye-short.jpg"
Flag Jersey,https://www.adidas.com/us/flag-jersey/EA1294.html,"https://assets.adidas.com/images/w_383,h_383,f_auto,q_auto,fl_lossy,c_fill,g_auto/5cb87addb7414b3eb383aa57011994f2_9366/flag-jersey.jpg"
Essentials Big Logo Tee,https://www.adidas.com/us/essentials-big-logo-tee/GK9121.html,"https://assets.adidas.com/images/w_383,h_383,f_auto,q_auto,fl_lossy,c_fill,g_auto/22c6d996c5704db9bd27ac5a01205c22_9366/essentials-big-logo-tee.jpg"
Z.N.E. Premium Full-Zip Hooded Track Jacket,https://www.adidas.com/us/z.n.e.-premium-full-zip-hooded-track-jacket/IR5208.html,"https://assets.adidas.com/images/w_383,h_383,f_auto,q_auto,fl_lossy,c_fill,g_auto/98e292d8c84e4415af98a252ee45f791_9366/z.n.e.-premium-full-zip-hooded-track-jacket.jpg"
LA Galaxy 22/23 Home Authentic Jersey,https://www.adidas.com/us/la-galaxy-22-23-home-authentic-jersey/H45430.html,"https://assets.adidas.com/images/w_383,h_383,f_auto,q_auto,fl_lossy,c_fill,g_auto/c36aad6580e84eeaa4a7adf800cb736d_9366/la-galaxy-22-23-home-authentic-jersey.jpg"
Argentina 22 Winners Home Jersey,https://www.adidas.com/us/argentina-22-winners-home-jersey/IB3597.html,"https://assets.adidas.com/images/w_383,h_383,f_auto,q_auto,fl_lossy,c_fill,g_auto/e1eee6f582ea4831a4bbaf7200c86fc2_9366/argentina-22-winners-home-jersey.jpg"
Adicolor Classics 3-Stripes Long Sleeve Tee,https://www.adidas.com/us/adicolor-classics-3-stripes-long-sleeve-tee/IA4879.html,"https://assets.adidas.com/images/w_383,h_383,f_auto,q_auto,fl_lossy,c_fill,g_auto/4f067afd68b74a89a4cdaf1200b1d44d_9366/adicolor-classics-3-stripes-long-sleeve-tee.jpg"
Trefoil Essentials Hoodie,https://www.adidas.com/us/trefoil-essentials-hoodie/IR7786.html,"https://assets.adidas.com/images/w_383,h_383,f_auto,q_auto,fl_lossy,c_fill,g_auto/b98f8567acd1410f857178b2d4ac9c6c_9366/trefoil-essentials-hoodie.jpg"
Adicolor Classics 3-Stripes Hoodie,https://www.adidas.comhttps://www.adidas.com/us/adicolor-classics-3-stripes-hoodie/IM2088.html,"https://assets.adidas.com/images/w_383,h_383,f_auto,q_auto,fl_lossy,c_fill,g_auto/e6d155f2fc9c4117a296afd000b5d8b3_9366/adicolor-classics-3-stripes-hoodie.jpg"
Adicolor Classics Adibreak Pants,https://www.adidas.com/us/adicolor-classics-adibreak-pants/IM8219.html,"https://assets.adidas.com/images/w_383,h_383,f_auto,q_auto,fl_lossy,c_fill,g_auto/7f57b7e1ed854dbe82987779f0f23c95_9366/adicolor-classics-adibreak-pants.jpg"
Designed for Training Workout Pants,https://www.adidas.com/us/designed-for-training-workout-pants/IK9724.html,"https://assets.adidas.com/images/w_383,h_383,f_auto,q_auto,fl_lossy,c_fill,g_auto/e18320c5d3f4421bb68e381b74e0ef8c_9366/designed-for-training-workout-pants.jpg"
Italy 125th Anniversary Pants,https://www.adidas.com/us/italy-125th-anniversary-pants/HY5436.html,"https://assets.adidas.com/images/w_383,h_383,f_auto,q_auto,fl_lossy,c_fill,g_auto/270c17bb89d844179125afc600efe421_9366/italy-125th-anniversary-pants.jpg"
Adicolor Re-Pro SST Material Mix Track Jacket,https://www.adidas.com/us/adicolor-re-pro-sst-material-mix-track-jacket/II5777.html,"https://assets.adidas.com/images/w_383,h_383,f_auto,q_auto,fl_lossy,c_fill,g_auto/1d8efab8931e442abbea650afe1840f7_9366/adicolor-re-pro-sst-material-mix-track-jacket.jpg"
Tiro 23 League Training Jacket,https://www.adidas.com/us/tiro-23-league-training-jacket/HS7231.html,"https://assets.adidas.com/images/w_383,h_383,f_auto,q_auto,fl_lossy,c_fill,g_auto/74dfe4716c744290b10aaef600941032_9366/tiro-23-league-training-jacket.jpg"
Tiro 23 Competition Winterized Pants,https://www.adidas.com/us/tiro-23-competition-winterized-pants/IL7264.html,"https://assets.adidas.com/images/w_383,h_383,f_auto,q_auto,fl_lossy,c_fill,g_auto/0012621051d34ca1bbe68573fc06868b_9366/tiro-23-competition-winterized-pants.jpg"
Designed for Training HEAT.RDY HIIT Training Tank Top,https://www.adidas.com/us/designed-for-training-heat.rdy-hiit-training-tank-top/IM1101.html,"https://assets.adidas.com/images/w_383,h_383,f_auto,q_auto,fl_lossy,c_fill,g_auto/a04382427720435b9a20afce01149684_9366/designed-for-training-heat.rdy-hiit-training-tank-top.jpg"
Team Issue Tapered Pants,https://www.adidas.com/us/team-issue-tapered-pants/HI0707.html,"https://assets.adidas.com/images/w_383,h_383,f_auto,q_auto,fl_lossy,c_fill,g_auto/17b0c02e79b344229a6cae7601479312_9366/team-issue-tapered-pants.jpg"
Primegreen Essentials Warm-Up Open Hem 3-Stripes Track Pants,https://www.adidas.com/us/primegreen-essentials-warm-up-open-hem-3-stripes-track-pants/H46110.html,"https://assets.adidas.com/images/w_383,h_383,f_auto,q_auto,fl_lossy,c_fill,g_auto/07e96fcc0f944590a238ad2500f8eaaf_9366/primegreen-essentials-warm-up-open-hem-3-stripes-track-pants.jpg"
3-Stripes Skate Chino Pants,https://www.adidas.com/us/3-stripes-skate-chino-pants/IJ0970.html,"https://assets.adidas.com/images/w_383,h_383,f_auto,q_auto,fl_lossy,c_fill,g_auto/60990b36d63749e58b0ad958481286ad_9366/3-stripes-skate-chino-pants.jpg"
The WIND.RDY Cycling Jacket,https://www.adidas.com/us/the-wind.rdy-cycling-jacket/IB5873.html,"https://assets.adidas.com/images/w_383,h_383,f_auto,q_auto,fl_lossy,c_fill,g_auto/a745bcda9a4a4f1f9828af5d015089cb_9366/the-wind.rdy-cycling-jacket.jpg"
REAL MADRID 23/24 LFSTLR JERSEY,https://www.adidas.com/us/real-madrid-23-24-lfstlr-jersey/IT6471.html,"https://assets.adidas.com/images/w_383,h_383,f_auto,q_auto,fl_lossy,c_fill,g_auto/059f086efe0849548756620cee78acd5_9366/real-madrid-23-24-lfstlr-jersey.jpg"
Trefoil Essentials Crewneck,https://www.adidas.com/us/trefoil-essentials-crewneck/IR7780.html,"https://assets.adidas.com/images/w_383,h_383,f_auto,q_auto,fl_lossy,c_fill,g_auto/3e4a9171b5d64940bc8720618661144b_9366/trefoil-essentials-crewneck.jpg"
Essentials 3-Stripes Open Hem Fleece Pants,https://www.adidas.com/us/essentials-3-stripes-open-hem-fleece-pants/IJ8887.html,"https://assets.adidas.com/images/w_383,h_383,f_auto,q_auto,fl_lossy,c_fill,g_auto/7a1bc95370f14afcbaa8acc52e530e81_9366/essentials-3-stripes-open-hem-fleece-pants.jpg"
Austin FC MLS Hispanic Heritage Month Pre-Match Jersey,https://www.adidas.com/us/austin-fc-mls-hispanic-heritage-month-pre-match-jersey/IN9507.html,"https://assets.adidas.com/images/w_383,h_383,f_auto,q_auto,fl_lossy,c_fill,g_auto/07e93d430ede4e10ac1faf660160f69a_9366/austin-fc-mls-hispanic-heritage-month-pre-match-jersey.jpg"
Essentials 3-Stripes Open Hem Fleece Pants,https://www.adidas.com/us/essentials-3-stripes-open-hem-fleece-pants/IB4039.html,"https://assets.adidas.com/images/w_383,h_383,f_auto,q_auto,fl_lossy,c_fill,g_auto/967532722b42403383e7b7a347623733_9366/essentials-3-stripes-open-hem-fleece-pants.jpg"
Adicolor Woven Firebird Track Pants,https://www.adidas.com/us/adicolor-woven-firebird-track-pants/IT2501.html,"https://assets.adidas.com/images/w_383,h_383,f_auto,q_auto,fl_lossy,c_fill,g_auto/1c3a37c0473f46dc9cfe20f40085c4eb_9366/adicolor-woven-firebird-track-pants.jpg"
Workout Stringer Tank Top,https://www.adidas.com/us/workout-stringer-tank-top/IL1403.html,"https://assets.adidas.com/images/w_383,h_383,f_auto,q_auto,fl_lossy,c_fill,g_auto/04ea7ab85ae845059aa6afc80119b278_9366/workout-stringer-tank-top.jpg"
Terrex XPLORIC High-Pile-Fleece Pullover,https://www.adidas.com/us/terrex-xploric-high-pile-fleece-pullover/IB6553.html,"https://assets.adidas.com/images/w_383,h_383,f_auto,q_auto,fl_lossy,c_fill,g_auto/afbb9768d5fc4ec79d2256ce8f248b20_9366/terrex-xploric-high-pile-fleece-pullover.jpg"
Adicolor Classics Trefoil Crewneck Sweatshirt,https://www.adidas.com/us/adicolor-classics-trefoil-crewneck-sweatshirt/IM4500.html,"https://assets.adidas.com/images/w_383,h_383,f_auto,q_auto,fl_lossy,c_fill,g_auto/00254017cd1d45158e88afd000e4d9e3_9366/adicolor-classics-trefoil-crewneck-sweatshirt.jpg"
Adicolor Classics SST Track Pants,https://www.adidas.com/us/adicolor-classics-sst-track-pants/IL2488.html,"https://assets.adidas.com/images/w_383,h_383,f_auto,q_auto,fl_lossy,c_fill,g_auto/0b106be0fa784731b291a494794744fe_9366/adicolor-classics-sst-track-pants.jpg"
Adicolor Classics 3-Stripes Half-Zip Sweatshirt,https://www.adidas.com/us/adicolor-classics-3-stripes-half-zip-sweatshirt/IL2500.html,"https://assets.adidas.com/images/w_383,h_383,f_auto,q_auto,fl_lossy,c_fill,g_auto/80a37a21115e4a78bb96eb26c08bf544_9366/adicolor-classics-3-stripes-half-zip-sweatshirt.jpg"
Tiro Track Top,https://www.adidas.com/us/tiro-track-top/IM2894.html,"https://assets.adidas.com/images/w_383,h_383,f_auto,q_auto,fl_lossy,c_fill,g_auto/1a4f6dcc225d4ca7b1a3afd200c9d145_9366/tiro-track-top.jpg"
Pride Pre-Match Jersey (Plus Size),https://www.adidas.com/us/pride-pre-match-jersey-plus-size/HY9632.html,"https://assets.adidas.com/images/w_383,h_383,f_auto,q_auto,fl_lossy,c_fill,g_auto/52d89f19f7844cceaeccafcd00fe8d4e_9366/pride-pre-match-jersey-plus-size.jpg"
Essentials Single Jersey Big Logo Tee,https://www.adidas.com/us/essentials-single-jersey-big-logo-tee/IC9347.html,"https://assets.adidas.com/images/w_383,h_383,f_auto,q_auto,fl_lossy,c_fill,g_auto/b3d98a4ec4864460b01daf0900e96729_9366/essentials-single-jersey-big-logo-tee.jpg"
Y-3 Stretch Terry Crew Sweatshirt,https://www.adidas.com/us/y-3-stretch-terry-crew-sweatshirt/IL3070.html,"https://assets.adidas.com/images/w_383,h_383,f_auto,q_auto,fl_lossy,c_fill,g_auto/992e2cd2c5ca458a856e47d28d02bd9e_9366/y-3-stretch-terry-crew-sweatshirt.jpg"
Own the Run Leggings,https://www.adidas.com/us/own-the-run-leggings/HM8444.html,"https://assets.adidas.com/images/w_383,h_383,f_auto,q_auto,fl_lossy,c_fill,g_auto/7b6cbfcc5f2c4436b06129ab5da143ab_9366/own-the-run-leggings.jpg"
Adicolor Woven Firebird Track Top,https://www.adidas.com/us/adicolor-woven-firebird-track-top/IT2491.html,"https://assets.adidas.com/images/w_383,h_383,f_auto,q_auto,fl_lossy,c_fill,g_auto/256065e45d3f4e3fa652ef6c8ec38933_9366/adicolor-woven-firebird-track-top.jpg"
Messi Mural Tee,https://www.adidas.com/us/messi-mural-tee/JJ3627.html,"https://assets.adidas.com/images/w_383,h_383,f_auto,q_auto,fl_lossy,c_fill,g_auto/2704cdfb5dc949e389af418c7ff90b04_9366/messi-mural-tee.jpg"
Real Madrid Anthem Jacket,https://www.adidas.com/us/real-madrid-anthem-jacket/HY0641.html,"https://assets.adidas.com/images/w_383,h_383,f_auto,q_auto,fl_lossy,c_fill,g_auto/9196520351754844829baa5c38b79287_9366/real-madrid-anthem-jacket.jpg"
Train Essentials Seasonal Full-Zip Hoodie,https://www.adidas.com/us/train-essentials-seasonal-full-zip-hoodie/IS6700.html,"https://assets.adidas.com/images/w_383,h_383,f_auto,q_auto,fl_lossy,c_fill,g_auto/e2ef5b43920a4df189f236fc16783f11_9366/train-essentials-seasonal-full-zip-hoodie.jpg"
Tiro Training Pride Pants,https://www.adidas.com/us/tiro-training-pride-pants/IJ3003.html,"https://assets.adidas.com/images/w_383,h_383,f_auto,q_auto,fl_lossy,c_fill,g_auto/704f74b050ef48c8a44cd4ff40439f5d_9366/tiro-training-pride-pants.jpg"
Essentials Fleece 3-Stripes Tapered Cuff Pants,https://www.adidas.com/us/essentials-fleece-3-stripes-tapered-cuff-pants/IJ8884.html,"https://assets.adidas.com/images/w_383,h_383,f_auto,q_auto,fl_lossy,c_fill,g_auto/47d47fa8a78445369d5cafc7002b51e0_9366/essentials-fleece-3-stripes-tapered-cuff-pants.jpg"
Go-To 5-Pocket Golf Pants,https://www.adidas.com/us/go-to-5-pocket-golf-pants/HR7924.html,"https://assets.adidas.com/images/w_383,h_383,f_auto,q_auto,fl_lossy,c_fill,g_auto/1dc2cc9e9fed4ee99cfaaf1d000fba1e_9366/go-to-5-pocket-golf-pants.jpg"
FC Bayern Originals Crew Sweatshirt,https://www.adidas.com/us/fc-bayern-originals-crew-sweatshirt/IQ3543.html,"https://assets.adidas.com/images/w_383,h_383,f_auto,q_auto,fl_lossy,c_fill,g_auto/5538594ac1274ddfb52decdf78636946_9366/fc-bayern-originals-crew-sweatshirt.jpg"
DWR Quarter-Zip Pullover,https://www.adidas.com/us/dwr-quarter-zip-pullover/HZ0435.html,"https://assets.adidas.com/images/w_383,h_383,f_auto,q_auto,fl_lossy,c_fill,g_auto/d1c8e63f8cb1485d8e6339fd494b2dea_9366/dwr-quarter-zip-pullover.jpg"
Yoga Training Tank Top,https://www.adidas.com/us/yoga-training-tank-top/IP2357.html,"https://assets.adidas.com/images/w_383,h_383,f_auto,q_auto,fl_lossy,c_fill,g_auto/34b347f8a62742328a445a871f89076a_9366/yoga-training-tank-top.jpg"
Designed for Training HEAT.RDY HIIT Training Tank Top,https://www.adidas.com/us/designed-for-training-heat.rdy-hiit-training-tank-top/IM1111.html,"https://assets.adidas.com/images/w_383,h_383,f_auto,q_auto,fl_lossy,c_fill,g_auto/ea4e98e68d03400daddaafce0115ccd0_9366/designed-for-training-heat.rdy-hiit-training-tank-top.jpg"
Dill Eyes Short Sleeve Tee,https://www.adidas.com/us/dill-eyes-short-sleeve-tee/II5953.html,"https://assets.adidas.com/images/w_383,h_383,f_auto,q_auto,fl_lossy,c_fill,g_auto/110b94bf207e4e0eb036b64c989fa459_9366/dill-eyes-short-sleeve-tee.jpg"
Arsenal Tiro 23 Training Jersey,https://www.adidas.com/us/arsenal-tiro-23-training-jersey/IP9160.html,"https://assets.adidas.com/images/w_383,h_383,f_auto,q_auto,fl_lossy,c_fill,g_auto/9e6b685a8d624254b2501ff694ecf2f7_9366/arsenal-tiro-23-training-jersey.jpg"
Manchester United 23/24 Third Jersey,https://www.adidas.com/us/manchester-united-23-24-third-jersey/IP1741.html,"https://assets.adidas.com/images/w_383,h_383,f_auto,q_auto,fl_lossy,c_fill,g_auto/f74783ba556244849a2f8dbb1bae3c82_9366/manchester-united-23-24-third-jersey.jpg"
Essentials Fleece 3-Stripes Full-Zip Hoodie,https://www.adidas.com/us/essentials-fleece-3-stripes-full-zip-hoodie/IJ6478.html,"https://assets.adidas.com/images/w_383,h_383,f_auto,q_auto,fl_lossy,c_fill,g_auto/c76b6d4335de4d929fe9afc900935389_9366/essentials-fleece-3-stripes-full-zip-hoodie.jpg"
Techfit Long Tights,https://www.adidas.com/us/techfit-long-tights/GM5036.html,"https://assets.adidas.com/images/w_383,h_383,f_auto,q_auto,fl_lossy,c_fill,g_auto/0ebc1d0cc1c549cdb6f7ac7c014e9dbe_9366/techfit-long-tights.jpg"
AEROREADY Designed for Movement Shorts,https://www.adidas.com/us/aeroready-designed-for-movement-shorts/HF7208.html,"https://assets.adidas.com/images/w_383,h_383,f_auto,q_auto,fl_lossy,c_fill,g_auto/b4c7de97c56a4449a0c6add000cabb22_9366/aeroready-designed-for-movement-shorts.jpg"
Messi #10 Inter Miami CF 23/24 Away Authentic Jersey,https://www.adidas.com/us/messi-10-inter-miami-cf-23-24-away-authentic-jersey/JE9700.html,"https://assets.adidas.com/images/w_383,h_383,f_auto,q_auto,fl_lossy,c_fill,g_auto/c6a0a7264ee64a3eb46cb801d584a462_9366/messi-10-inter-miami-cf-23-24-away-authentic-jersey.jpg"
Go-To 9-Inch Golf Shorts,https://www.adidas.com/us/go-to-9-inch-golf-shorts/HR7930.html,"https://assets.adidas.com/images/w_383,h_383,f_auto,q_auto,fl_lossy,c_fill,g_auto/dc8a0d7da3ca40a5970aaf1d018332e0_9366/go-to-9-inch-golf-shorts.jpg"
Techrock Ultralight 1/2-Zip Hooded Fleece Jacket,https://www.adidas.com/us/techrock-ultralight-1-2-zip-hooded-fleece-jacket/IA1811.html,"https://assets.adidas.com/images/w_383,h_383,f_auto,q_auto,fl_lossy,c_fill,g_auto/1807dc2153214497b3b12a960e2d7729_9366/techrock-ultralight-1-2-zip-hooded-fleece-jacket.jpg"
Go-To Polo Shirt,https://www.adidas.com/us/go-to-polo-shirt/HR7978.html,"https://assets.adidas.com/images/w_383,h_383,f_auto,q_auto,fl_lossy,c_fill,g_auto/412dfd3e9cad42cbb900af42017a4e6d_9366/go-to-polo-shirt.jpg"
LA Galaxy 22/23 Home Jersey,https://www.adidas.com/us/la-galaxy-22-23-home-jersey/H45428.html,"https://assets.adidas.com/images/w_383,h_383,f_auto,q_auto,fl_lossy,c_fill,g_auto/e4bdce44ca4d4e54877dadf800cafbc4_9366/la-galaxy-22-23-home-jersey.jpg"
Real Madrid Anthem Jacket,https://www.adidas.com/us/real-madrid-anthem-jacket/HY0643.html,"https://assets.adidas.com/images/w_383,h_383,f_auto,q_auto,fl_lossy,c_fill,g_auto/08463b3e3bb5445792147979a2493156_9366/real-madrid-anthem-jacket.jpg"
Ultimate365 Tour Frostguard Full-Zip Padded Jacket,https://www.adidas.com/us/ultimate365-tour-frostguard-full-zip-padded-jacket/IJ9652.html,"https://assets.adidas.com/images/w_383,h_383,f_auto,q_auto,fl_lossy,c_fill,g_auto/99099cb56d2146588092afa300069c0d_9366/ultimate365-tour-frostguard-full-zip-padded-jacket.jpg"
Messi #10 Inter Miami CF 23/24 Away Jersey,https://www.adidas.com/us/messi-10-inter-miami-cf-23-24-away-jersey/JE9704.html,"https://assets.adidas.com/images/w_383,h_383,f_auto,q_auto,fl_lossy,c_fill,g_auto/1932395548af409a8d811eff2f78158e_9366/messi-10-inter-miami-cf-23-24-away-jersey.jpg"
Atlanta United FC 22/23 Away Jersey,https://www.adidas.com/us/atlanta-united-fc-22-23-away-jersey/H45466.html,"https://assets.adidas.com/images/w_383,h_383,f_auto,q_auto,fl_lossy,c_fill,g_auto/a3755811b1e145278698ada100d1b4e8_9366/atlanta-united-fc-22-23-away-jersey.jpg"
Adicolor Classics Firebird Track Pants,https://www.adidas.com/us/adicolor-classics-firebird-track-pants/IJ7055.html,"https://assets.adidas.com/images/w_383,h_383,f_auto,q_auto,fl_lossy,c_fill,g_auto/39e2da4371fa43a98a34afb2017d0d71_9366/adicolor-classics-firebird-track-pants.jpg"
Essentials RAIN.RDY Jacket,https://www.adidas.com/us/essentials-rain.rdy-jacket/H50971.html,"https://assets.adidas.com/images/w_383,h_383,f_auto,q_auto,fl_lossy,c_fill,g_auto/1d7a7334df3f4573b7a5ada200171ca1_9366/essentials-rain.rdy-jacket.jpg"
Ducks Anniversary Jersey,https://www.adidas.com/us/ducks-anniversary-jersey/IT4327.html,"https://assets.adidas.com/images/w_383,h_383,f_auto,q_auto,fl_lossy,c_fill,g_auto/02547bd254b04cdfaecc4b6b1cebb17d_9366/ducks-anniversary-jersey.jpg"
Rangers Fleece Top,https://www.adidas.com/us/rangers-fleece-top/IP5835.html,"https://assets.adidas.com/images/w_383,h_383,f_auto,q_auto,fl_lossy,c_fill,g_auto/681f5a8d1f414b6db9a14274235c217c_9366/rangers-fleece-top.jpg"
Essentials Warm-Up Tapered 3-Stripes Track Pants,https://www.adidas.com/us/essentials-warm-up-tapered-3-stripes-track-pants/H46105.html,"https://assets.adidas.com/images/w_383,h_383,f_auto,q_auto,fl_lossy,c_fill,g_auto/5c5a6797eb8a4ebbba49ad2500f7d1af_9366/essentials-warm-up-tapered-3-stripes-track-pants.jpg"
Tiro 23 League Sweat Hoodie,https://www.adidas.com/us/tiro-23-league-sweat-hoodie/HS3598.html,"https://assets.adidas.com/images/w_383,h_383,f_auto,q_auto,fl_lossy,c_fill,g_auto/b25a10c38a6547bcb50aaef5011d66a3_9366/tiro-23-league-sweat-hoodie.jpg"
Ultimate Long Sleeve Tee,https://www.adidas.com/us/ultimate-long-sleeve-tee/IM4200.html,"https://assets.adidas.com/images/w_383,h_383,f_auto,q_auto,fl_lossy,c_fill,g_auto/e2a73d57f9d9408d8333dc3f1eeb3904_9366/ultimate-long-sleeve-tee.jpg"
Dill Eyes Hoodie,https://www.adidas.com/us/dill-eyes-hoodie/II5961.html,"https://assets.adidas.com/images/w_383,h_383,f_auto,q_auto,fl_lossy,c_fill,g_auto/8f8b6be55d3245bbb8f1afc50121f7b0_9366/dill-eyes-hoodie.jpg"
Train Essentials Feelready Training Tee,https://www.adidas.com/us/train-essentials-feelready-training-tee/IC7449.html,"https://assets.adidas.com/images/w_383,h_383,f_auto,q_auto,fl_lossy,c_fill,g_auto/8a14488a1184422b83ebaf4a009a97e9_9366/train-essentials-feelready-training-tee.jpg"
AEROREADY Essentials 3-Stripes Shorts,https://www.adidas.com/us/aeroready-essentials-3-stripes-shorts/GK9988.html,"https://assets.adidas.com/images/w_383,h_383,f_auto,q_auto,fl_lossy,c_fill,g_auto/e626743f5ac3402fb08dac8200fe39bf_9366/aeroready-essentials-3-stripes-shorts.jpg"
Inter Miami CF 22/23 Home Jersey,https://www.adidas.com/us/inter-miami-cf-22-23-home-jersey/IB5027.html,"https://assets.adidas.com/images/w_383,h_383,f_auto,q_auto,fl_lossy,c_fill,g_auto/096a5fb8b4dd4cb9b0afaf63000f93b1_9366/inter-miami-cf-22-23-home-jersey.jpg"
Trefoil Essentials Full-Zip Hoodie,https://www.adidas.com/us/trefoil-essentials-full-zip-hoodie/IL2516.html,"https://assets.adidas.com/images/w_383,h_383,f_auto,q_auto,fl_lossy,c_fill,g_auto/212cbe3abb4b46a8b34aafd300a569cc_9366/trefoil-essentials-full-zip-hoodie.jpg"
Arsenal DNA Track Top,https://www.adidas.com/us/arsenal-dna-track-top/HZ2044.html,"https://assets.adidas.com/images/w_383,h_383,f_auto,q_auto,fl_lossy,c_fill,g_auto/6715d07c384e4f5bbee2b685c25a8a3a_9366/arsenal-dna-track-top.jpg"
Adicolor Classics Trefoil Hoodie,https://www.adidas.com/us/adicolor-classics-trefoil-hoodie/IM9408.html,"https://assets.adidas.com/images/w_383,h_383,f_auto,q_auto,fl_lossy,c_fill,g_auto/a2a582fd173a4bb0b11ac49f38a24d92_9366/adicolor-classics-trefoil-hoodie.jpg"
Adicross WIND.RDY Warm Golf Pants,https://www.adidas.com/us/adicross-wind.rdy-warm-golf-pants/HZ3240.html,"https://assets.adidas.com/images/w_383,h_383,f_auto,q_auto,fl_lossy,c_fill,g_auto/2d9173ad3f3b4299bb47afcc01618d64_9366/adicross-wind.rdy-warm-golf-pants.jpg"
Techfit Evolved Long Baselayer Spider-Man Leggings,https://www.adidas.com/us/techfit-evolved-long-baselayer-spider-man-leggings/IP4532.html,"https://assets.adidas.com/images/w_383,h_383,f_auto,q_auto,fl_lossy,c_fill,g_auto/06660c257e2047df8024ee56cda1bad2_9366/techfit-evolved-long-baselayer-spider-man-leggings.jpg"
Tiro Cargo Pants,https://www.adidas.com/us/tiro-cargo-pants/IA3067.html,"https://assets.adidas.com/images/w_383,h_383,f_auto,q_auto,fl_lossy,c_fill,g_auto/ec4574c19288436f938ddda721c950ef_9366/tiro-cargo-pants.jpg"
Techfit 3/4 Tights,https://www.adidas.com/us/techfit-3-4-tights/GM5034.html,"https://assets.adidas.com/images/w_383,h_383,f_auto,q_auto,fl_lossy,c_fill,g_auto/ebea779caf3441d0bdc9ace00016e92e_9366/techfit-3-4-tights.jpg"
Tiro 23 Pro Pants,https://www.adidas.com/us/tiro-23-pro-pants/HI3046.html,"https://assets.adidas.com/images/w_383,h_383,f_auto,q_auto,fl_lossy,c_fill,g_auto/0ab68e3ec0c949288d7aaed8008e18fb_9366/tiro-23-pro-pants.jpg"
Messi #10 Inter Miami CF 22/23 Home Jersey,https://www.adidas.com/us/messi-10-inter-miami-cf-22-23-home-jersey/JE9701.html,"https://assets.adidas.com/images/w_383,h_383,f_auto,q_auto,fl_lossy,c_fill,g_auto/4701b41163c84a769183a5429fbfb1cf_9366/messi-10-inter-miami-cf-22-23-home-jersey.jpg"
Lightweight Hoodie,https://www.adidas.com/us/lightweight-hoodie/HZ0421.html,"https://assets.adidas.com/images/w_383,h_383,f_auto,q_auto,fl_lossy,c_fill,g_auto/1a842c5e97a643f39b2eebb14091925b_9366/lightweight-hoodie.jpg"
Adicolor Woven Firebird Track Top,https://www.adidas.com/us/adicolor-woven-firebird-track-top/IT2496.html,"https://assets.adidas.com/images/w_383,h_383,f_auto,q_auto,fl_lossy,c_fill,g_auto/2f21cc3d75964a0eac20a31fe38d1306_9366/adicolor-woven-firebird-track-top.jpg"
D4T Training Pants,https://www.adidas.com/us/d4t-training-pants/HD3571.html,"https://assets.adidas.com/images/w_383,h_383,f_auto,q_auto,fl_lossy,c_fill,g_auto/7ba682f0bbdf4559a548ae4b0130a2d0_9366/d4t-training-pants.jpg"
Essentials Fleece 3-Stripes Shorts,https://www.adidas.com/us/essentials-fleece-3-stripes-shorts/H20849.html,"https://assets.adidas.com/images/w_383,h_383,f_auto,q_auto,fl_lossy,c_fill,g_auto/3d620619d66d47398da3ac9300d3b28d_9366/essentials-fleece-3-stripes-shorts.jpg"
Simple Goat Tee,https://www.adidas.com/us/simple-goat-tee/JJ2292.html,"https://assets.adidas.com/images/w_383,h_383,f_auto,q_auto,fl_lossy,c_fill,g_auto/0d23596625a944ae828c43da3bcc22e5_9366/simple-goat-tee.jpg"
AEROREADY Knit Shorts,https://www.adidas.com/us/aeroready-knit-shorts/GI6792.html,"https://assets.adidas.com/images/w_383,h_383,f_auto,q_auto,fl_lossy,c_fill,g_auto/8fce2e20cb424325b6e7acad00185c45_9366/aeroready-knit-shorts.jpg"
Dill Eyes Tech Shell Jacket,https://www.adidas.com/us/dill-eyes-tech-shell-jacket/IM4663.html,"https://assets.adidas.com/images/w_383,h_383,f_auto,q_auto,fl_lossy,c_fill,g_auto/3c53a9f93fa44a93841d8928a37e6acc_9366/dill-eyes-tech-shell-jacket.jpg"
Own the Run 3-Stripes Shorts,https://www.adidas.com/us/own-the-run-3-stripes-shorts/IT1514.html,"https://assets.adidas.com/images/w_383,h_383,f_auto,q_auto,fl_lossy,c_fill,g_auto/031b50ed07c84a43bbb29cb7013b4467_9366/own-the-run-3-stripes-shorts.jpg"
Tiro Wordmark Pants,https://www.adidas.com/us/tiro-wordmark-pants/IM2935.html,"https://assets.adidas.com/images/w_383,h_383,f_auto,q_auto,fl_lossy,c_fill,g_auto/074cff6b357d43f58174afcf00cf972b_9366/tiro-wordmark-pants.jpg"
Shmoofoil Netorious Hoodie,https://www.adidas.com/us/shmoofoil-netorious-hoodie/II5960.html,"https://assets.adidas.com/images/w_383,h_383,f_auto,q_auto,fl_lossy,c_fill,g_auto/1b628468abb14fd3a28b17b931825501_9366/shmoofoil-netorious-hoodie.jpg"
Designed for Training Tee,https://www.adidas.com/us/designed-for-training-tee/HB9204.html,"https://assets.adidas.com/images/w_383,h_383,f_auto,q_auto,fl_lossy,c_fill,g_auto/47ffc1d03d7f40a19730ad8f0099356d_9366/designed-for-training-tee.jpg"
Seattle Sounders FC Anthem Jacket,https://www.adidas.com/us/seattle-sounders-fc-anthem-jacket/HU0081.html,"https://assets.adidas.com/images/w_383,h_383,f_auto,q_auto,fl_lossy,c_fill,g_auto/44f53d70af8742648b01af31011e9773_9366/seattle-sounders-fc-anthem-jacket.jpg"
Inter Miami CF 23/24 Away Authentic Jersey,https://www.adidas.com/us/inter-miami-cf-23-24-away-authentic-jersey/IC9621.html,"https://assets.adidas.com/images/w_383,h_383,f_auto,q_auto,fl_lossy,c_fill,g_auto/c957be9518b34fc5bb2caf33010e9bac_9366/inter-miami-cf-23-24-away-authentic-jersey.jpg"
Ultimate Running Conquer the Elements Merino Tee,https://www.adidas.com/us/ultimate-running-conquer-the-elements-merino-tee/IL1966.html,"https://assets.adidas.com/images/w_383,h_383,f_auto,q_auto,fl_lossy,c_fill,g_auto/6905072feda8475496cb2b54b29003b7_9366/ultimate-running-conquer-the-elements-merino-tee.jpg"
Tiro Wordmark Track Jacket,https://www.adidas.com/us/tiro-wordmark-track-jacket/IM2920.html,"https://assets.adidas.com/images/w_383,h_383,f_auto,q_auto,fl_lossy,c_fill,g_auto/c70e60e1d38749e69dd7d9c07dc81370_9366/tiro-wordmark-track-jacket.jpg"
Collegiate Premium Jacket,https://www.adidas.com/us/collegiate-premium-jacket/HY1290.html,"https://assets.adidas.com/images/w_383,h_383,f_auto,q_auto,fl_lossy,c_fill,g_auto/14f8639c5fe74ef6bf5632042abc4de0_9366/collegiate-premium-jacket.jpg"
3-Stripes Skate Chino Pants,https://www.adidas.com/us/3-stripes-skate-chino-pants/IU0075.html,"https://assets.adidas.com/images/w_383,h_383,f_auto,q_auto,fl_lossy,c_fill,g_auto/d855f396520648c18fc7c2373df9bd60_9366/3-stripes-skate-chino-pants.jpg"
Gym+ Training 1/4-Zip Long Sleeve Tee,https://www.adidas.com/us/gym-plus-training-1-4-zip-long-sleeve-tee/IR5882.html,"https://assets.adidas.com/images/w_383,h_383,f_auto,q_auto,fl_lossy,c_fill,g_auto/8c691f9512db40139e83f27cd6a8e0c7_9366/gym-plus-training-1-4-zip-long-sleeve-tee.jpg"
Real Madrid DNA Track Top,https://www.adidas.com/us/real-madrid-dna-track-top/HY0618.html,"https://assets.adidas.com/images/w_383,h_383,f_auto,q_auto,fl_lossy,c_fill,g_auto/d1c9401aea8d44518faddeaedc1b4cb6_9366/real-madrid-dna-track-top.jpg"
Messi Tee,https://www.adidas.com/us/messi-tee/JG8862.html,"https://assets.adidas.com/images/w_383,h_383,f_auto,q_auto,fl_lossy,c_fill,g_auto/1910261bc3e44da99471c25d07a09e23_9366/messi-tee.jpg"
Primeblue Designed 2 Move Sport 3-Stripes Shorts,https://www.adidas.com/us/primeblue-designed-2-move-sport-3-stripes-shorts/GM2146.html,"https://assets.adidas.com/images/w_383,h_383,f_auto,q_auto,fl_lossy,c_fill,g_auto/155dbcb6f24c414eb334ac8300c517b9_9366/primeblue-designed-2-move-sport-3-stripes-shorts.jpg"
Ultimate365 Print Golf Shorts,https://www.adidas.com/us/ultimate365-print-golf-shorts/HZ3207.html,"https://assets.adidas.com/images/w_383,h_383,f_auto,q_auto,fl_lossy,c_fill,g_auto/fb69ee1721a54bbbaabeaf9c013ea897_9366/ultimate365-print-golf-shorts.jpg"
Tiro 23 League Pants,https://www.adidas.com/us/tiro-23-league-pants/HS3530.html,"https://assets.adidas.com/images/w_383,h_383,f_auto,q_auto,fl_lossy,c_fill,g_auto/0357f54369424e5ab2d5aef300cbcd50_9366/tiro-23-league-pants.jpg"
Real Madrid 23/24 Away Authentic Jersey,https://www.adidas.com/us/real-madrid-23-24-away-authentic-jersey/IA5138.html,"https://assets.adidas.com/images/w_383,h_383,f_auto,q_auto,fl_lossy,c_fill,g_auto/53bc8d33fb7f44fa835a80cea5f67246_9366/real-madrid-23-24-away-authentic-jersey.jpg"
Adicolor Contempo Tee,https://www.adidas.com/us/adicolor-contempo-tee/HK2890.html,"https://assets.adidas.com/images/w_383,h_383,f_auto,q_auto,fl_lossy,c_fill,g_auto/4553f2858f4b42978230ae800126b57e_9366/adicolor-contempo-tee.jpg"
adidas Basketball Velour Pants (Gender Neutral),https://www.adidas.com/us/adidas-basketball-velour-pants-gender-neutral/IA3453.html,"https://assets.adidas.com/images/w_383,h_383,f_auto,q_auto,fl_lossy,c_fill,g_auto/6c24606a503a41c19fb6afa3012dd961_faec/adidas-basketball-velour-pants-gender-neutral.jpg"
Arsenal Ian Wright Pre-Match Jersey,https://www.adidas.com/us/arsenal-ian-wright-pre-match-jersey/IQ2464.html,"https://assets.adidas.com/images/w_383,h_383,f_auto,q_auto,fl_lossy,c_fill,g_auto/6ae3ac307592441da24f4cc5c46dffac_9366/arsenal-ian-wright-pre-match-jersey.jpg"
Adicolor Classics 3-Stripes Hoodie,https://www.adidas.com/us/adicolor-classics-3-stripes-hoodie/IL2496.html,"https://assets.adidas.com/images/w_383,h_383,f_auto,q_auto,fl_lossy,c_fill,g_auto/092af20e5c0a45a281efafc9009b1654_9366/adicolor-classics-3-stripes-hoodie.jpg"
Real Madrid Essentials Trefoil Pants,https://www.adidas.com/us/real-madrid-essentials-trefoil-pants/IK8717.html,"https://assets.adidas.com/images/w_383,h_383,f_auto,q_auto,fl_lossy,c_fill,g_auto/a8c5ba03da3d4de1959ae9fd9ac18e0a_9366/real-madrid-essentials-trefoil-pants.jpg"
AEROREADY Knit Shorts,https://www.adidas.com/us/aeroready-knit-shorts/GM2517.html,"https://assets.adidas.com/images/w_383,h_383,f_auto,q_auto,fl_lossy,c_fill,g_auto/0d0c85a8e59d4ddc9bdeacad0029e17f_9366/aeroready-knit-shorts.jpg"
DWR Quarter-Zip Pullover,https://www.adidas.com/us/dwr-quarter-zip-pullover/HZ3203.html,"https://assets.adidas.com/images/w_383,h_383,f_auto,q_auto,fl_lossy,c_fill,g_auto/52ab6f74e3784821af48afb6014ee778_9366/dwr-quarter-zip-pullover.jpg"
adidas x Parley Sweatshirt (Gender Neutral),https://www.adidas.com/us/adidas-x-parley-sweatshirt-gender-neutral/HR6990.html,"https://assets.adidas.com/images/w_383,h_383,f_auto,q_auto,fl_lossy,c_fill,g_auto/7f2c5a299e48430da00caf2400c70bf2_9366/adidas-x-parley-sweatshirt-gender-neutral.jpg"
Train Essentials Woven Training Shorts,https://www.adidas.com/us/train-essentials-woven-training-shorts/IC6976.html,"https://assets.adidas.com/images/w_383,h_383,f_auto,q_auto,fl_lossy,c_fill,g_auto/64a864d360b147b39617af1d00fd4b4a_9366/train-essentials-woven-training-shorts.jpg"
Ultimate365 Print Golf Shorts,https://www.adidas.com/us/ultimate365-print-golf-shorts/HZ3206.html,"https://assets.adidas.com/images/w_383,h_383,f_auto,q_auto,fl_lossy,c_fill,g_auto/2dcfb98033a345bfb8a1af9d0135d4ce_9366/ultimate365-print-golf-shorts.jpg"
Adicolor Contempo Half-Zip Crew Sweatshirt,https://www.adidas.com/us/adicolor-contempo-half-zip-crew-sweatshirt/IM4396.html,"https://assets.adidas.com/images/w_383,h_383,f_auto,q_auto,fl_lossy,c_fill,g_auto/a370ea902a0844d79f81691dfa6d8eed_9366/adicolor-contempo-half-zip-crew-sweatshirt.jpg"
Golden Knights Fleece Top,https://www.adidas.com/us/golden-knights-fleece-top/IP5814.html,"https://assets.adidas.com/images/w_383,h_383,f_auto,q_auto,fl_lossy,c_fill,g_auto/32bf4f2fdb3d480a8f3422a8a24f7d96_9366/golden-knights-fleece-top.jpg"
Essentials Warm-Up 3-Stripes Track Jacket,https://www.adidas.com/us/essentials-warm-up-3-stripes-track-jacket/H46101.html,"https://assets.adidas.com/images/w_383,h_383,f_auto,q_auto,fl_lossy,c_fill,g_auto/ce419581df284bc08616ad2a00801225_9366/essentials-warm-up-3-stripes-track-jacket.jpg"
BSC 3-Stripes RAIN.RDY Jacket,https://www.adidas.com/us/bsc-3-stripes-rain.rdy-jacket/H65773.html,"https://assets.adidas.com/images/w_383,h_383,f_auto,q_auto,fl_lossy,c_fill,g_auto/2bb3a9d3b1564ee7b32cae0000c3dde0_9366/bsc-3-stripes-rain.rdy-jacket.jpg"
Own the Run Shorts,https://www.adidas.com/us/own-the-run-shorts/H58593.html,"https://assets.adidas.com/images/w_383,h_383,f_auto,q_auto,fl_lossy,c_fill,g_auto/7202ac1614f64b0d9e5fada800c7ce92_9366/own-the-run-shorts.jpg"
Y-3 Organic Cotton Terry Cuffed Pants,https://www.adidas.com/us/y-3-organic-cotton-terry-cuffed-pants/H44799.html,"https://assets.adidas.com/images/w_383,h_383,f_auto,q_auto,fl_lossy,c_fill,g_auto/76a6a23b66104f299fa4af5100ae2da9_9366/y-3-organic-cotton-terry-cuffed-pants.jpg"
Argentina Beckenbauer Track Top,https://www.adidas.com/us/argentina-beckenbauer-track-top/IU2155.html,"https://assets.adidas.com/images/w_383,h_383,f_auto,q_auto,fl_lossy,c_fill,g_auto/1438dc1d004f4ac597f236134932c071_9366/argentina-beckenbauer-track-top.jpg"
Arsenal Essentials Trefoil Pants,https://www.adidas.com/us/arsenal-essentials-trefoil-pants/IK8710.html,"https://assets.adidas.com/images/w_383,h_383,f_auto,q_auto,fl_lossy,c_fill,g_auto/347554c1307e4de1913164f084a360e0_9366/arsenal-essentials-trefoil-pants.jpg"
Tiro Wordmark Track Jacket,https://www.adidas.com/us/tiro-wordmark-track-jacket/IA3047.html,"https://assets.adidas.com/images/w_383,h_383,f_auto,q_auto,fl_lossy,c_fill,g_auto/85cf1c00b2654006944d87949d4b36b0_9366/tiro-wordmark-track-jacket.jpg"
Arsenal 23/24 Long Sleeve Home Jersey,https://www.adidas.com/us/arsenal-23-24-long-sleeve-home-jersey/HZ2085.html,"https://assets.adidas.com/images/w_383,h_383,f_auto,q_auto,fl_lossy,c_fill,g_auto/bfad74f6b7394d4d80823dffe988bc2b_9366/arsenal-23-24-long-sleeve-home-jersey.jpg"
Z.N.E. Premium Full-Zip Hooded Track Jacket,https://www.adidas.com/us/z.n.e.-premium-full-zip-hooded-track-jacket/IN5087.html,"https://assets.adidas.com/images/w_383,h_383,f_auto,q_auto,fl_lossy,c_fill,g_auto/66a8e0a2828c43aeaea7a1ca4c608f6e_9366/z.n.e.-premium-full-zip-hooded-track-jacket.jpg"
Messi #10 Inter Miami CF 22/23 Home Authentic Jersey,https://www.adidas.com/us/messi-10-inter-miami-cf-22-23-home-authentic-jersey/JE9705.html,"https://assets.adidas.com/images/w_383,h_383,f_auto,q_auto,fl_lossy,c_fill,g_auto/cfc4cbadcf144c6d91245d8b15b362d0_9366/messi-10-inter-miami-cf-22-23-home-authentic-jersey.jpg"
Worldwide Hoops Graphic Hoodie,https://www.adidas.com/us/worldwide-hoops-graphic-hoodie/IN6362.html,"https://assets.adidas.com/images/w_383,h_383,f_auto,q_auto,fl_lossy,c_fill,g_auto/eb74a275df0d417c84b816521d32a41c_9366/worldwide-hoops-graphic-hoodie.jpg"
Tiro 23 League Sweat Shorts,https://www.adidas.com/us/tiro-23-league-sweat-shorts/HS3592.html,"https://assets.adidas.com/images/w_383,h_383,f_auto,q_auto,fl_lossy,c_fill,g_auto/619d546b82964bb9a2eeaf4600c93700_9366/tiro-23-league-sweat-shorts.jpg"
Go-To Henley Polo Shirt,https://www.adidas.com/us/go-to-henley-polo-shirt/II7840.html,"https://assets.adidas.com/images/w_383,h_383,f_auto,q_auto,fl_lossy,c_fill,g_auto/1202c7e319e240528dd9afb10139a74c_9366/go-to-henley-polo-shirt.jpg"
2023 MLS All-Star x Marvel Anthem Jacket,https://www.adidas.com/us/2023-mls-all-star-x-marvel-anthem-jacket/HZ2017.html,"https://assets.adidas.com/images/w_383,h_383,f_auto,q_auto,fl_lossy,c_fill,g_auto/e2377ee175434670b168772ade22f0e9_9366/2023-mls-all-star-x-marvel-anthem-jacket.jpg"
Arsenal x Maharishi Tee,https://www.adidas.com/us/arsenal-x-maharishi-tee/IN4750.html,"https://assets.adidas.com/images/w_383,h_383,f_auto,q_auto,fl_lossy,c_fill,g_auto/2cbc6e005eb34621bce9e002a9bb318c_9366/arsenal-x-maharishi-tee.jpg"
Entrada 22 Shorts,https://www.adidas.com/us/entrada-22-shorts/H57505.html,"https://assets.adidas.com/images/w_383,h_383,f_auto,q_auto,fl_lossy,c_fill,g_auto/3d2628ab1566463ca71badd7004b371c_9366/entrada-22-shorts.jpg"
Pride Pre-Match Jersey,https://www.adidas.com/us/pride-pre-match-jersey/HY9631.html,"https://assets.adidas.com/images/w_383,h_383,f_auto,q_auto,fl_lossy,c_fill,g_auto/a766a38045c548ebaccfafc600aa3ca1_9366/pride-pre-match-jersey.jpg"
ALL SZN Tee,https://www.adidas.com/us/all-szn-tee/IR9108.html,"https://assets.adidas.com/images/w_383,h_383,f_auto,q_auto,fl_lossy,c_fill,g_auto/f8c69f268b4a463580297d3cdc5fb2d6_9366/all-szn-tee.jpg"
Go-To Commuter Pants,https://www.adidas.com/us/go-to-commuter-pants/IA4771.html,"https://assets.adidas.com/images/w_383,h_383,f_auto,q_auto,fl_lossy,c_fill,g_auto/198ccd7827604bf1bc15af42014be5e1_9366/go-to-commuter-pants.jpg"
Z.N.E. Premium Full-Zip Hooded Track Jacket,https://www.adidas.com/us/z.n.e.-premium-full-zip-hooded-track-jacket/IN5088.html,"https://assets.adidas.com/images/w_383,h_383,f_auto,q_auto,fl_lossy,c_fill,g_auto/8c656eb5f4734410ba724024b45af91e_9366/z.n.e.-premium-full-zip-hooded-track-jacket.jpg"
Z.N.E. Premium Full-Zip Hooded Track Jacket,https://www.adidas.com/us/z.n.e.-premium-full-zip-hooded-track-jacket/IN5092.html,"https://assets.adidas.com/images/w_383,h_383,f_auto,q_auto,fl_lossy,c_fill,g_auto/38b1616c23744dacb23c69296eb81ee3_9366/z.n.e.-premium-full-zip-hooded-track-jacket.jpg"
3-Stripes Skate Chino Pants,https://www.adidas.com/us/3-stripes-skate-chino-pants/IJ0971.html,"https://assets.adidas.com/images/w_383,h_383,f_auto,q_auto,fl_lossy,c_fill,g_auto/4147caccbc464a36b536d1814df8f997_9366/3-stripes-skate-chino-pants.jpg"
Messi Wordmark Tee,https://www.adidas.com/us/messi-wordmark-tee/JF4314.html,"https://assets.adidas.com/images/w_383,h_383,f_auto,q_auto,fl_lossy,c_fill,g_auto/02ef8d7f60614680a6ef721055ddc744_9366/messi-wordmark-tee.jpg"
Tiro 23 Competition Anthem Jacket,https://www.adidas.com/us/tiro-23-competition-anthem-jacket/IA0626.html,"https://assets.adidas.com/images/w_383,h_383,f_auto,q_auto,fl_lossy,c_fill,g_auto/aec86de6cff441998f3f38d8f015a9d0_9366/tiro-23-competition-anthem-jacket.jpg"
ALL SZN Fleece Hoodie,https://www.adidas.com/us/all-szn-fleece-hoodie/IX3960.html,"https://assets.adidas.com/images/w_383,h_383,f_auto,q_auto,fl_lossy,c_fill,g_auto/79f2898dcbd44b53aa3a6e8928e9eaee_9366/all-szn-fleece-hoodie.jpg"
Own the Run 1/4 Zip Long Sleeve Sweatshirt,https://www.adidas.com/us/own-the-run-1-4-zip-long-sleeve-sweatshirt/IK9565.html,"https://assets.adidas.com/images/w_383,h_383,f_auto,q_auto,fl_lossy,c_fill,g_auto/fccfeb6aadcd47bc97ceafd300dc4a19_9366/own-the-run-1-4-zip-long-sleeve-sweatshirt.jpg"
Bienvenido A Miami Tee,https://www.adidas.com/us/bienvenido-a-miami-tee/JE9804.html,"https://assets.adidas.com/images/w_383,h_383,f_auto,q_auto,fl_lossy,c_fill,g_auto/1c452a978aa9437080428b95c4b988e8_9366/bienvenido-a-miami-tee.jpg"
Real Madrid 23/24 Long Sleeve Home Authentic Jersey,https://www.adidas.com/us/real-madrid-23-24-long-sleeve-home-authentic-jersey/IA9978.html,"https://assets.adidas.com/images/w_383,h_383,f_auto,q_auto,fl_lossy,c_fill,g_auto/e439cf94b5f04d809679c3e6c3751303_9366/real-madrid-23-24-long-sleeve-home-authentic-jersey.jpg"
Essentials Big Logo Tee,https://www.adidas.com/us/essentials-big-logo-tee/GK9123.html,"https://assets.adidas.com/images/w_383,h_383,f_auto,q_auto,fl_lossy,c_fill,g_auto/e37d2e9c37f946b7a7bdac5a0120d53a_9366/essentials-big-logo-tee.jpg"
Go-To 9-Inch Golf Shorts,https://www.adidas.com/us/go-to-9-inch-golf-shorts/II7849.html,"https://assets.adidas.com/images/w_383,h_383,f_auto,q_auto,fl_lossy,c_fill,g_auto/03a86103732f4ce5a11aa39d536aaf4a_9366/go-to-9-inch-golf-shorts.jpg"
3-Stripes Quarter-Zip Pullover,https://www.adidas.com/us/3-stripes-quarter-zip-pullover/HR9066.html,"https://assets.adidas.com/images/w_383,h_383,f_auto,q_auto,fl_lossy,c_fill,g_auto/273172b4f9f04eb19924af2901219208_9366/3-stripes-quarter-zip-pullover.jpg"
Houston Dynamo 22/23 Away Jersey,https://www.adidas.com/us/houston-dynamo-22-23-away-jersey/H45445.html,"https://assets.adidas.com/images/w_383,h_383,f_auto,q_auto,fl_lossy,c_fill,g_auto/04a5b58cd4264eb691ceadf0012b376e_9366/houston-dynamo-22-23-away-jersey.jpg"
Atlanta United FC Anthem Jacket,https://www.adidas.com/us/atlanta-united-fc-anthem-jacket/HU0099.html,"https://assets.adidas.com/images/w_383,h_383,f_auto,q_auto,fl_lossy,c_fill,g_auto/ad971f4db3f4449d9f77af2000c09830_9366/atlanta-united-fc-anthem-jacket.jpg"
Go-To 9-Inch Golf Shorts,https://www.adidas.com/us/go-to-9-inch-golf-shorts/HR7929.html,"https://assets.adidas.com/images/w_383,h_383,f_auto,q_auto,fl_lossy,c_fill,g_auto/5ad5429537ae49b3970faf45011efff1_9366/go-to-9-inch-golf-shorts.jpg"
Real Madrid Pre-Match Jersey,https://www.adidas.com/us/real-madrid-pre-match-jersey/IQ0544.html,"https://assets.adidas.com/images/w_383,h_383,f_auto,q_auto,fl_lossy,c_fill,g_auto/84c4b77fa5964e4197309b841b4865ae_9366/real-madrid-pre-match-jersey.jpg"
Tiro 23 Competition All-Weather Jacket,https://www.adidas.com/us/tiro-23-competition-all-weather-jacket/HU1320.html,"https://assets.adidas.com/images/w_383,h_383,f_auto,q_auto,fl_lossy,c_fill,g_auto/cef43bb478a8407a8159aeb60121b9ba_9366/tiro-23-competition-all-weather-jacket.jpg"
Ultimate365 Nine-Inch Printed Golf Shorts,https://www.adidas.com/us/ultimate365-nine-inch-printed-golf-shorts/HS7615.html,"https://assets.adidas.com/images/w_383,h_383,f_auto,q_auto,fl_lossy,c_fill,g_auto/6177ea4b0a624ca2aa67af4201468621_9366/ultimate365-nine-inch-printed-golf-shorts.jpg"
Adicolor Trefoil Windbreaker,https://www.adidas.com/us/adicolor-trefoil-windbreaker/IR9852.html,"https://assets.adidas.com/images/w_383,h_383,f_auto,q_auto,fl_lossy,c_fill,g_auto/8fe20fe63acf4337a5a47caae8184b5a_9366/adicolor-trefoil-windbreaker.jpg"
adidas x Bogey Boys Full-Zip Track Jacket,https://www.adidas.com/us/adidas-x-bogey-boys-full-zip-track-jacket/IJ3074.html,"https://assets.adidas.com/images/w_383,h_383,f_auto,q_auto,fl_lossy,c_fill,g_auto/b67e99a86f724429bfb9afb2017d5869_9366/adidas-x-bogey-boys-full-zip-track-jacket.jpg"
Real Madrid 23/24 Away Jersey,https://www.adidas.com/us/real-madrid-23-24-away-jersey/IJ5901.html,"https://assets.adidas.com/images/w_383,h_383,f_auto,q_auto,fl_lossy,c_fill,g_auto/1b5fe3d92d19419ea0907d662adc9bc5_9366/real-madrid-23-24-away-jersey.jpg"
adidas Designed 2 Move 3-Stripes Primeblue Shorts,https://www.adidas.com/us/adidas-designed-2-move-3-stripes-primeblue-shorts/H20839.html,"https://assets.adidas.com/images/w_383,h_383,f_auto,q_auto,fl_lossy,c_fill,g_auto/75c442e5c7d24bb8b089ac9300d34031_9366/adidas-designed-2-move-3-stripes-primeblue-shorts.jpg"
Court Therapy Graphic Sweatshirt,https://www.adidas.com/us/court-therapy-graphic-sweatshirt/IN6367.html,"https://assets.adidas.com/images/w_383,h_383,f_auto,q_auto,fl_lossy,c_fill,g_auto/bd604c9b81d4423b9903f455cf125192_9366/court-therapy-graphic-sweatshirt.jpg"
Arsenal Essentials Trefoil Hoodie,https://www.adidas.com/us/arsenal-essentials-trefoil-hoodie/IK8713.html,"https://assets.adidas.com/images/w_383,h_383,f_auto,q_auto,fl_lossy,c_fill,g_auto/415e356ff2064d1d8d8433c355f0db73_9366/arsenal-essentials-trefoil-hoodie.jpg"
Real Madrid 23/24 Home Authentic Jersey,https://www.adidas.com/us/real-madrid-23-24-home-authentic-jersey/IA5139.html,"https://assets.adidas.com/images/w_383,h_383,f_auto,q_auto,fl_lossy,c_fill,g_auto/8a46f1fcd09a440cac68ba5cd14d1e7e_9366/real-madrid-23-24-home-authentic-jersey.jpg"
Tiro Wordmark Pants,https://www.adidas.com/us/tiro-wordmark-pants/IA3048.html,"https://assets.adidas.com/images/w_383,h_383,f_auto,q_auto,fl_lossy,c_fill,g_auto/590ddccfe7d94cd382c9afc30118da8e_9366/tiro-wordmark-pants.jpg"
Essentials+ Made with Nature Sweat Pants,https://www.adidas.com/us/essentials-plus-made-with-nature-sweat-pants/HK7537.html,"https://assets.adidas.com/images/w_383,h_383,f_auto,q_auto,fl_lossy,c_fill,g_auto/3c0764e48c9d47459d72aeec00dd652d_9366/essentials-plus-made-with-nature-sweat-pants.jpg"
Real Madrid 23/24 Long Sleeve Away Jersey,https://www.adidas.com/us/real-madrid-23-24-long-sleeve-away-jersey/IB0010.html,"https://assets.adidas.com/images/w_383,h_383,f_auto,q_auto,fl_lossy,c_fill,g_auto/9851c4652b324868942a0e42f0442407_9366/real-madrid-23-24-long-sleeve-away-jersey.jpg"
Tiro 23 League Shorts,https://www.adidas.com/us/tiro-23-league-shorts/IB8084.html,"https://assets.adidas.com/images/w_383,h_383,f_auto,q_auto,fl_lossy,c_fill,g_auto/778e73beae674503b852af2b011bc9bd_9366/tiro-23-league-shorts.jpg"
New York Red Bulls Americana Pre-Match Jersey,https://www.adidas.com/us/new-york-red-bulls-americana-pre-match-jersey/IQ4221.html,"https://assets.adidas.com/images/w_383,h_383,f_auto,q_auto,fl_lossy,c_fill,g_auto/1f78d09284d84a9a942caf66016d70b9_9366/new-york-red-bulls-americana-pre-match-jersey.jpg"
Essentials Fleece 3-Stripes Full-Zip Hoodie,https://www.adidas.com/us/essentials-fleece-3-stripes-full-zip-hoodie/GK9053.html,"https://assets.adidas.com/images/w_383,h_383,f_auto,q_auto,fl_lossy,c_fill,g_auto/f2a73054d99543ef8748ac4600e89ac4_9366/essentials-fleece-3-stripes-full-zip-hoodie.jpg"
Adicolor Classics Trefoil Crewneck Sweatshirt,https://www.adidas.com/us/adicolor-classics-trefoil-crewneck-sweatshirt/IM4501.html,"https://assets.adidas.com/images/w_383,h_383,f_auto,q_auto,fl_lossy,c_fill,g_auto/27fa0f1057bc48e6a1b8afd000e53607_9366/adicolor-classics-trefoil-crewneck-sweatshirt.jpg"
All SZN Fleece Shorts,https://www.adidas.com/us/all-szn-fleece-shorts/IJ6897.html,"https://assets.adidas.com/images/w_383,h_383,f_auto,q_auto,fl_lossy,c_fill,g_auto/fa17b15a09ef4326a4d783031b54e46f_9366/all-szn-fleece-shorts.jpg"
Z.N.E. Premium Pants,https://www.adidas.com/us/z.n.e.-premium-pants/IN5104.html,"https://assets.adidas.com/images/w_383,h_383,f_auto,q_auto,fl_lossy,c_fill,g_auto/9e69fd31d2ed4b4c9961883800c344ea_9366/z.n.e.-premium-pants.jpg"
Adicolor Classics 3-Stripes Pants,https://www.adidas.com/us/adicolor-classics-3-stripes-pants/IA4794.html,"https://assets.adidas.com/images/w_383,h_383,f_auto,q_auto,fl_lossy,c_fill,g_auto/9b67217b6d7d43aab5fdaf12008cfe7f_9366/adicolor-classics-3-stripes-pants.jpg"
Tiro 23 Competition Winterized Pants,https://www.adidas.com/us/tiro-23-competition-winterized-pants/IL7265.html,"https://assets.adidas.com/images/w_383,h_383,f_auto,q_auto,fl_lossy,c_fill,g_auto/47b1bfcf2e4e4887ac0996977ff59ec7_9366/tiro-23-competition-winterized-pants.jpg"
Miami Hoodie,https://www.adidas.com/us/miami-hoodie/IU2965.html,"https://assets.adidas.com/images/w_383,h_383,f_auto,q_auto,fl_lossy,c_fill,g_auto/3d93d02933c54d359bfde703fe0918ee_9366/miami-hoodie.jpg"
Designed for Training Workout Tee,https://www.adidas.com/us/designed-for-training-workout-tee/IS3817.html,"https://assets.adidas.com/images/w_383,h_383,f_auto,q_auto,fl_lossy,c_fill,g_auto/fe5e8bb4457b491c98d7b33a5bcfd668_9366/designed-for-training-workout-tee.jpg"
Designed for Training CORDURA Workout Pants,https://www.adidas.com/us/designed-for-training-cordura-workout-pants/IL1379.html,"https://assets.adidas.com/images/w_383,h_383,f_auto,q_auto,fl_lossy,c_fill,g_auto/734b1555026a454eb7301c84d7d8bf3e_9366/designed-for-training-cordura-workout-pants.jpg"
Pride Dress (Plus Size),https://www.adidas.com/us/pride-dress-plus-size/IJ7401.html,"https://assets.adidas.com/images/w_383,h_383,f_auto,q_auto,fl_lossy,c_fill,g_auto/d6c1ccd4f60f43f9b3edafc20094727d_9366/pride-dress-plus-size.jpg"
Adicolor Classics Trefoil Tee,https://www.adidas.com/us/adicolor-classics-trefoil-tee/IM4410.html,"https://assets.adidas.com/images/w_383,h_383,f_auto,q_auto,fl_lossy,c_fill,g_auto/db7930f37c3b4c158bf4afc200c35f6e_9366/adicolor-classics-trefoil-tee.jpg"
Real Madrid 23/24 Long Sleeve Home Jersey,https://www.adidas.com/us/real-madrid-23-24-long-sleeve-home-jersey/IB0018.html,"https://assets.adidas.com/images/w_383,h_383,f_auto,q_auto,fl_lossy,c_fill,g_auto/772685d8ee2b40e7abfa1857d102ea29_9366/real-madrid-23-24-long-sleeve-home-jersey.jpg"
Tiro Suit-Up Advanced Track Jacket,https://www.adidas.com/us/tiro-suit-up-advanced-track-jacket/HY3785.html,"https://assets.adidas.com/images/w_383,h_383,f_auto,q_auto,fl_lossy,c_fill,g_auto/56414809957f4be1a752af4600e57c08_9366/tiro-suit-up-advanced-track-jacket.jpg"
TERREX Trail Running Wind Jacket,https://www.adidas.com/us/terrex-trail-running-wind-jacket/IA1795.html,"https://assets.adidas.com/images/w_383,h_383,f_auto,q_auto,fl_lossy,c_fill,g_auto/df49d18856564abd981c64cc82667b21_9366/terrex-trail-running-wind-jacket.jpg"
Elevated Golf Sweatshirt,https://www.adidas.com/us/elevated-golf-sweatshirt/IB4536.html,"https://assets.adidas.com/images/w_383,h_383,f_auto,q_auto,fl_lossy,c_fill,g_auto/f3337e85adce4fe0b82baf410150bd13_9366/elevated-golf-sweatshirt.jpg"
Tiro 23 League Jersey,https://www.adidas.com/us/tiro-23-league-jersey/HR4607.html,"https://assets.adidas.com/images/w_383,h_383,f_auto,q_auto,fl_lossy,c_fill,g_auto/c3ad2ca786b24e11afc2aef3010be4bd_9366/tiro-23-league-jersey.jpg"
Real Madrid Tiro 23 Training Jersey,https://www.adidas.com/us/real-madrid-tiro-23-training-jersey/IQ0547.html,"https://assets.adidas.com/images/w_383,h_383,f_auto,q_auto,fl_lossy,c_fill,g_auto/0beca996d3e74161aec6340adcf99974_9366/real-madrid-tiro-23-training-jersey.jpg"
Made To Be Remade Henry Neck Seamless Shirt,https://www.adidas.com/us/made-to-be-remade-henry-neck-seamless-shirt/HT0070.html,"https://assets.adidas.com/images/w_383,h_383,f_auto,q_auto,fl_lossy,c_fill,g_auto/3cb2e489f27045f6833eaf6a000b6ca1_9366/made-to-be-remade-henry-neck-seamless-shirt.jpg"
The Trackstand Cycling Pants,https://www.adidas.com/us/the-trackstand-cycling-pants/HT3672.html,"https://assets.adidas.com/images/w_383,h_383,f_auto,q_auto,fl_lossy,c_fill,g_auto/af8c75a338a943e88f0faf5d010e2fea_9366/the-trackstand-cycling-pants.jpg"
Essentials Warm-Up Tapered 3-Stripes Track Pants,https://www.adidas.com/us/essentials-warm-up-tapered-3-stripes-track-pants/H46106.html,"https://assets.adidas.com/images/w_383,h_383,f_auto,q_auto,fl_lossy,c_fill,g_auto/da71da6512464d129866ad2500f815a1_9366/essentials-warm-up-tapered-3-stripes-track-pants.jpg"
Tiro 23 League Training Jacket,https://www.adidas.com/us/tiro-23-league-training-jacket/IJ8170.html,"https://assets.adidas.com/images/w_383,h_383,f_auto,q_auto,fl_lossy,c_fill,g_auto/532bcc4adf854426ace7af720124214d_9366/tiro-23-league-training-jacket.jpg"
